11002,札幌市,サッポロシ,1
12025,函館市,ハコダテシ,1
12033,小樽市,オタルシ,1
12041,旭川市,アサヒカワシ,1
12050,室蘭市,ムロランシ,1
12068,釧路市,クシロシ,1
12076,帯広市,オビヒロシ,1
12084,北見市,キタミシ,1
12092,夕張市,ユウバリシ,1
12106,岩見沢市,イワミザワシ,1
12114,網走市,アバシリシ,1
12122,留萌市,ルモイシ,1
12131,苫小牧市,トマコマイシ,1
12149,稚内市,ワッカナイシ,1
12157,美唄市,ビバイシ,1
12165,芦別市,アシベツシ,1
12173,江別市,エベツシ,1
12181,赤平市,アカビラシ,1
12190,紋別市,モンベツシ,1
12203,士別市,シベツシ,1
12211,名寄市,ナヨロシ,1
12220,三笠市,ミカサシ,1
12238,根室市,ネムロシ,1
12246,千歳市,チトセシ,1
12254,滝川市,タキカワシ,1
12262,砂川市,スナガワシ,1
12271,歌志内市,ウタシナイシ,1
12289,深川市,フカガワシ,1
12297,富良野市,フラノシ,1
12301,登別市,ノボリベツシ,1
12319,恵庭市,エニワシ,1
12335,伊達市,ダテシ,1
12343,北広島市,キタヒロシマシ,1
12351,石狩市,イシカリシ,1
12360,北斗市,ホクトシ,1
13030,当別町,トウベツチョウ,1
13048,新篠津村,シンシノツムラ,1
13315,松前町,マツマエチョウ,1
13323,福島町,フクシマチョウ,1
13331,知内町,シリウチチョウ,1
13340,木古内町,キコナイチョウ,1
13374,七飯町,ナナエチョウ,1
13439,鹿部町,シカベチョウ,1
13455,森町,モリマチ,1
13463,八雲町,ヤクモチョウ,1
13471,長万部町,オシャマンベチョウ,1
13617,江差町,エサシチョウ,1
13625,上ノ国町,カミノクニチョウ,1
13633,厚沢部町,アッサブチョウ,1
13641,乙部町,オトベチョウ,1
13676,奥尻町,オクシリチョウ,1
13706,今金町,イマカネチョウ,1
13714,せたな町,セタナチョウ,1
13919,島牧村,シママキムラ,1
13927,寿都町,スッツチョウ,1
13935,黒松内町,クロマツナイチョウ,1
13943,蘭越町,ランコシチョウ,1
13951,ニセコ町,ニセコチョウ,1
13960,真狩村,マッカリムラ,1
13978,留寿都村,ルスツムラ,1
13986,喜茂別町,キモベツチョウ,1
13994,京極町,キョウゴクチョウ,1
14001,倶知安町,クッチャンチョウ,1
14010,共和町,キョウワチョウ,1
14028,岩内町,イワナイチョウ,1
14036,泊村,トマリムラ,1
14044,神恵内村,カモエナイムラ,1
14052,積丹町,シャコタンチョウ,1
14061,古平町,フルビラチョウ,1
14079,仁木町,ニキチョウ,1
14087,余市町,ヨイチチョウ,1
14095,赤井川村,アカイガワムラ,1
14231,南幌町,ナンポロチョウ,1
14249,奈井江町,ナイエチョウ,1
14257,上砂川町,カミスナガワチョウ,1
14273,由仁町,ユニチョウ,1
14281,長沼町,ナガヌマチョウ,1
14290,栗山町,クリヤマチョウ,1
14303,月形町,ツキガタチョウ,1
14311,浦臼町,ウラウスチョウ,1
14320,新十津川町,シントツカワチョウ,1
14338,妹背牛町,モセウシチョウ,1
14346,秩父別町,チップベツチョウ,1
14362,雨竜町,ウリュウチョウ,1
14371,北竜町,ホクリュウチョウ,1
14389,沼田町,ヌマタチョウ,1
14524,鷹栖町,タカスチョウ,1
14532,東神楽町,ヒガシカグラチョウ,1
14541,当麻町,トウマチョウ,1
14559,比布町,ピップチョウ,1
14567,愛別町,アイベツチョウ,1
14575,上川町,カミカワチョウ,1
14583,東川町,ヒガシカワチョウ,1
14591,美瑛町,ビエイチョウ,1
14605,上富良野町,カミフラノチョウ,1
14613,中富良野町,ナカフラノチョウ,1
14621,南富良野町,ミナミフラノチョウ,1
14630,占冠村,シムカップムラ,1
14648,和寒町,ワッサムチョウ,1
14656,剣淵町,ケンブチチョウ,1
14681,下川町,シモカワチョウ,1
14699,美深町,ビフカチョウ,1
14702,音威子府村,オトイネップムラ,1
14711,中川町,ナカガワチョウ,1
14729,幌加内町,ホロカナイチョウ,1
14818,増毛町,マシケチョウ,1
14826,小平町,オビラチョウ,1
14834,苫前町,トママエチョウ,1
14842,羽幌町,ハボロチョウ,1
14851,初山別村,ショサンベツムラ,1
14869,遠別町,エンベツチョウ,1
14877,天塩町,テシオチョウ,1
15113,猿払村,サルフツムラ,1
15121,浜頓別町,ハマトンベツチョウ,1
15130,中頓別町,ナカトンベツチョウ,1
15148,枝幸町,エサシチョウ,1
15164,豊富町,トヨトミチョウ,1
15172,礼文町,レブンチョウ,1
15181,利尻町,リシリチョウ,1
15199,利尻富士町,リシリフジチョウ,1
15202,幌延町,ホロノベチョウ,1
15431,美幌町,ビホロチョウ,1
15440,津別町,ツベツチョウ,1
15458,斜里町,シャリチョウ,1
15466,清里町,キヨサトチョウ,1
15474,小清水町,コシミズチョウ,1
15491,訓子府町,クンネップチョウ,1
15504,置戸町,オケトチョウ,1
15521,佐呂間町,サロマチョウ,1
15555,遠軽町,エンガルチョウ,1
15598,湧別町,ユウベツチョウ,1
15601,滝上町,タキノウエチョウ,1
15610,興部町,オコッペチョウ,1
15628,西興部村,ニシオコッペムラ,1
15636,雄武町,オウムチョウ,1
15644,大空町,オオゾラチョウ,1
15717,豊浦町,トヨウラチョウ,1
15750,壮瞥町,ソウベツチョウ,1
15784,白老町,シラオイチョウ,1
15814,厚真町,アツマチョウ,1
15849,洞爺湖町,トウヤコチョウ,1
15857,安平町,アビラチョウ,1
15865,むかわ町,ムカワチョウ,1
16012,日高町,ヒダカチョウ,1
16021,平取町,ビラトリチョウ,1
16047,新冠町,ニイカップチョウ,1
16071,浦河町,ウラカワチョウ,1
16080,様似町,サマニチョウ,1
16098,えりも町,エリモチョウ,1
16101,新ひだか町,シンヒダカチョウ,1
16314,音更町,オトフケチョウ,1
16322,士幌町,シホロチョウ,1
16331,上士幌町,カミシホロチョウ,1
16349,鹿追町,シカオイチョウ,1
16357,新得町,シントクチョウ,1
16365,清水町,シミズチョウ,1
16373,芽室町,メムロチョウ,1
16381,中札内村,ナカサツナイムラ,1
16390,更別村,サラベツムラ,1
16411,大樹町,タイキチョウ,1
16420,広尾町,ヒロオチョウ,1
16438,幕別町,マクベツチョウ,1
16446,池田町,イケダチョウ,1
16454,豊頃町,トヨコロチョウ,1
16462,本別町,ホンベツチョウ,1
16471,足寄町,アショロチョウ,1
16489,陸別町,リクベツチョウ,1
16497,浦幌町,ウラホロチョウ,1
16616,釧路町,クシロチョウ,1
16624,厚岸町,アッケシチョウ,1
16632,浜中町,ハマナカチョウ,1
16641,標茶町,シベチャチョウ,1
16659,弟子屈町,テシカガチョウ,1
16675,鶴居村,ツルイムラ,1
16683,白糠町,シラヌカチョウ,1
16918,別海町,ベツカイチョウ,1
16926,中標津町,ナカシベツチョウ,1
16934,標津町,シベツチョウ,1
16942,羅臼町,ラウスチョウ,1
22012,青森市,アオモリシ,2
22021,弘前市,ヒロサキシ,2
22039,八戸市,ハチノヘシ,2
22047,黒石市,クロイシシ,2
22055,五所川原市,ゴショガワラシ,2
22063,十和田市,トワダシ,2
22071,三沢市,ミサワシ,2
22080,むつ市,ムツシ,2
22098,つがる市,ツガルシ,2
22101,平川市,ヒラカワシ,2
23019,平内町,ヒラナイマチ,2
23035,今別町,イマベツマチ,2
23043,蓬田村,ヨモギタムラ,2
23078,外ヶ浜町,ソトガハママチ,2
23213,鰺ヶ沢町,アジガサワマチ,2
23230,深浦町,フカウラマチ,2
23434,西目屋村,ニシメヤムラ,2
23612,藤崎町,フジサキマチ,2
23621,大鰐町,オオワニマチ,2
23671,田舎館村,イナカダテムラ,2
23817,板柳町,イタヤナギマチ,2
23841,鶴田町,ツルタマチ,2
23876,中泊町,ナカドマリマチ,2
24015,野辺地町,ノヘジマチ,2
24023,七戸町,シチノヘマチ,2
24058,六戸町,ロクノヘマチ,2
24066,横浜町,ヨコハママチ,2
24082,東北町,トウホクマチ,2
24112,六ヶ所村,ロッカショムラ,2
24121,おいらせ町,オイラセチョウ,2
24236,大間町,オオママチ,2
24244,東通村,ヒガシドオリムラ,2
24252,風間浦村,カザマウラムラ,2
24261,佐井村,サイムラ,2
24414,三戸町,サンノヘマチ,2
24422,五戸町,ゴノヘマチ,2
24431,田子町,タッコマチ,2
24457,南部町,ナンブチョウ,2
24465,階上町,ハシカミチョウ,2
24503,新郷村,シンゴウムラ,2
32018,盛岡市,モリオカシ,3
32026,宮古市,ミヤコシ,3
32034,大船渡市,オオフナトシ,3
32051,花巻市,ハナマキシ,3
32069,北上市,キタカミシ,3
32077,久慈市,クジシ,3
32085,遠野市,トオノシ,3
32093,一関市,イチノセキシ,3
32107,陸前高田市,リクゼンタカタシ,3
32115,釜石市,カマイシシ,3
32131,二戸市,ニノヘシ,3
32140,八幡平市,ハチマンタイシ,3
32158,奥州市,オウシュウシ,3
32166,滝沢市,タキザワシ,3
33014,雫石町,シズクイシチョウ,3
33022,葛巻町,クズマキマチ,3
33031,岩手町,イワテマチ,3
33219,紫波町,シワチョウ,3
33227,矢巾町,ヤハバチョウ,3
33669,西和賀町,ニシワガマチ,3
33812,金ケ崎町,カネガサキチョウ,3
34029,平泉町,ヒライズミチョウ,3
34410,住田町,スミタチョウ,3
34614,大槌町,オオツチチョウ,3
34827,山田町,ヤマダマチ,3
34835,岩泉町,イワイズミチョウ,3
34843,田野畑村,タノハタムラ,3
34851,普代村,フダイムラ,3
35017,軽米町,カルマイマチ,3
35033,野田村,ノダムラ,3
35068,九戸村,クノヘムラ,3
35076,洋野町,ヒロノチョウ,3
35246,一戸町,イチノヘマチ,3
41009,仙台市,センダイシ,4
42021,石巻市,イシノマキシ,4
42030,塩竈市,シオガマシ,4
42056,気仙沼市,ケセンヌマシ,4
42064,白石市,シロイシシ,4
42072,名取市,ナトリシ,4
42081,角田市,カクダシ,4
42099,多賀城市,タガジョウシ,4
42111,岩沼市,イワヌマシ,4
42129,登米市,トメシ,4
42137,栗原市,クリハラシ,4
42145,東松島市,ヒガシマツシマシ,4
42153,大崎市,オオサキシ,4
42161,富谷市,トミヤシ,4
43010,蔵王町,ザオウマチ,4
43028,七ヶ宿町,シチカシュクマチ,4
43214,大河原町,オオガワラマチ,4
43222,村田町,ムラタマチ,4
43231,柴田町,シバタマチ,4
43249,川崎町,カワサキマチ,4
43419,丸森町,マルモリマチ,4
43613,亘理町,ワタリチョウ,4
43621,山元町,ヤマモトチョウ,4
44016,松島町,マツシママチ,4
44041,七ヶ浜町,シチガハママチ,4
44067,利府町,リフチョウ,4
44211,大和町,タイワチョウ,4
44229,大郷町,オオサトチョウ,4
44245,大衡村,オオヒラムラ,4
44440,色麻町,シカマチョウ,4
44458,加美町,カミマチ,4
45012,涌谷町,ワクヤチョウ,4
45055,美里町,ミサトマチ,4
45811,女川町,オナガワチョウ,4
46060,南三陸町,ミナミサンリクチョウ,4
52019,秋田市,アキタシ,5
52027,能代市,ノシロシ,5
52035,横手市,ヨコテシ,5
52043,大館市,オオダテシ,5
52060,男鹿市,オガシ,5
52078,湯沢市,ユザワシ,5
52094,鹿角市,カヅノシ,5
52108,由利本荘市,ユリホンジョウシ,5
52116,潟上市,カタガミシ,5
52124,大仙市,ダイセンシ,5
52132,北秋田市,キタアキタシ,5
52141,にかほ市,ニカホシ,5
52159,仙北市,センボクシ,5
53031,小坂町,コサカマチ,5
53279,上小阿仁村,カミコアニムラ,5
53465,藤里町,フジサトマチ,5
53481,三種町,ミタネチョウ,5
53490,八峰町,ハッポウチョウ,5
53619,五城目町,ゴジョウメマチ,5
53635,八郎潟町,ハチロウガタマチ,5
53660,井川町,イカワマチ,5
53686,大潟村,オオガタムラ,5
54348,美郷町,ミサトチョウ,5
54631,羽後町,ウゴマチ,5
54640,東成瀬村,ヒガシナルセムラ,5
62014,山形市,ヤマガタシ,6
62022,米沢市,ヨネザワシ,6
62031,鶴岡市,ツルオカシ,6
62049,酒田市,サカタシ,6
62057,新庄市,シンジョウシ,6
62065,寒河江市,サガエシ,6
62073,上山市,カミノヤマシ,6
62081,村山市,ムラヤマシ,6
62090,長井市,ナガイシ,6
62103,天童市,テンドウシ,6
62111,東根市,ヒガシネシ,6
62120,尾花沢市,オバナザワシ,6
62138,南陽市,ナンヨウシ,6
63011,山辺町,ヤマノベマチ,6
63029,中山町,ナカヤママチ,6
63215,河北町,カホクチョウ,6
63223,西川町,ニシカワマチ,6
63231,朝日町,アサヒマチ,6
63240,大江町,オオエマチ,6
63410,大石田町,オオイシダマチ,6
63614,金山町,カネヤママチ,6
63622,最上町,モガミマチ,6
63631,舟形町,フナガタマチ,6
63649,真室川町,マムロガワマチ,6
63657,大蔵村,オオクラムラ,6
63665,鮭川村,サケガワムラ,6
63673,戸沢村,トザワムラ,6
63819,高畠町,タカハタマチ,6
63827,川西町,カワニシマチ,6
64017,小国町,オグニマチ,6
64025,白鷹町,シラタカマチ,6
64033,飯豊町,イイデマチ,6
64262,三川町,ミカワマチ,6
64289,庄内町,シヨウナイマチ,6
64611,遊佐町,ユザマチ,6
72010,福島市,フクシマシ,7
72028,会津若松市,アイヅワカマツシ,7
72036,郡山市,コオリヤマシ,7
72044,いわき市,イワキシ,7
72052,白河市,シラカワシ,7
72079,須賀川市,スカガワシ,7
72087,喜多方市,キタカタシ,7
72095,相馬市,ソウマシ,7
72109,二本松市,ニホンマツシ,7
72117,田村市,タムラシ,7
72125,南相馬市,ミナミソウマシ,7
72133,伊達市,ダテシ,7
72141,本宮市,モトミヤシ,7
73016,桑折町,コオリマチ,7
73032,国見町,クニミマチ,7
73083,川俣町,カワマタマチ,7
73229,大玉村,オオタマムラ,7
73423,鏡石町,カガミイシマチ,7
73440,天栄村,テンエイムラ,7
73628,下郷町,シモゴウマチ,7
73644,檜枝岐村,ヒノエマタムラ,7
73679,只見町,タダミマチ,7
73687,南会津町,ミナミアイヅマチ,7
74021,北塩原村,キタシオバラムラ,7
74055,西会津町,ニシアイヅマチ,7
74071,磐梯町,バンダイマチ,7
74080,猪苗代町,イナワシロマチ,7
74217,会津坂下町,アイヅバンゲマチ,7
74225,湯川村,ユガワムラ,7
74233,柳津町,ヤナイヅマチ,7
74446,三島町,ミシママチ,7
74454,金山町,カネヤママチ,7
74462,昭和村,ショウワムラ,7
74471,会津美里町,アイヅミサトマチ,7
74616,西郷村,ニシゴウムラ,7
74641,泉崎村,イズミザキムラ,7
74659,中島村,ナカジマムラ,7
74667,矢吹町,ヤブキマチ,7
74811,棚倉町,タナグラマチ,7
74829,矢祭町,ヤマツリマチ,7
74837,塙町,ハナワマチ,7
74845,鮫川村,サメガワムラ,7
75019,石川町,イシカワマチ,7
75027,玉川村,タマカワムラ,7
75035,平田村,ヒラタムラ,7
75043,浅川町,アサカワマチ,7
75051,古殿町,フルドノマチ,7
75213,三春町,ミハルマチ,7
75221,小野町,オノマチ,7
75418,広野町,ヒロノマチ,7
75426,楢葉町,ナラハマチ,7
75434,富岡町,トミオカマチ,7
75442,川内村,カワウチムラ,7
75451,大熊町,オオクママチ,7
75469,双葉町,フタバマチ,7
75477,浪江町,ナミエマチ,7
75485,葛尾村,カツラオムラ,7
75612,新地町,シンチマチ,7
75647,飯舘村,イイタテムラ,7
82015,水戸市,ミトシ,8
82023,日立市,ヒタチシ,8
82031,土浦市,ツチウラシ,8
82040,古河市,コガシ,8
82058,石岡市,イシオカシ,8
82074,結城市,ユウキシ,8
82082,龍ケ崎市,リュウガサキシ,8
82104,下妻市,シモツマシ,8
82112,常総市,ジョウソウシ,8
82121,常陸太田市,ヒタチオオタシ,8
82147,高萩市,タカハギシ,8
82155,北茨城市,キタイバラキシ,8
82163,笠間市,カサマシ,8
82171,取手市,トリデシ,8
82198,牛久市,ウシクシ,8
82201,つくば市,ツクバシ,8
82210,ひたちなか市,ヒタチナカシ,8
82228,鹿嶋市,カシマシ,8
82236,潮来市,イタコシ,8
82244,守谷市,モリヤシ,8
82252,常陸大宮市,ヒタチオオミヤシ,8
82261,那珂市,ナカシ,8
82279,筑西市,チクセイシ,8
82287,坂東市,バンドウシ,8
82295,稲敷市,イナシキシ,8
82309,かすみがうら市,カスミガウラシ,8
82317,桜川市,サクラガワシ,8
82325,神栖市,カミスシ,8
82333,行方市,ナメガタシ,8
82341,鉾田市,ホコタシ,8
82350,つくばみらい市,ツクバミライシ,8
82368,小美玉市,オミタマシ,8
83020,茨城町,イバラキマチ,8
83097,大洗町,オオアライマチ,8
83101,城里町,シロサトマチ,8
83411,東海村,トウカイムラ,8
83640,大子町,ダイゴマチ,8
84425,美浦村,ミホムラ,8
84433,阿見町,アミマチ,8
84476,河内町,カワチマチ,8
85219,八千代町,ヤチヨマチ,8
85421,五霞町,ゴカマチ,8
85464,境町,サカイマチ,8
85642,利根町,トネマチ,8
92011,宇都宮市,ウツノミヤシ,9
92029,足利市,アシカガシ,9
92037,栃木市,トチギシ,9
92045,佐野市,サノシ,9
92053,鹿沼市,カヌマシ,9
92061,日光市,ニッコウシ,9
92088,小山市,オヤマシ,9
92096,真岡市,モオカシ,9
92100,大田原市,オオタワラシ,9
92118,矢板市,ヤイタシ,9
92134,那須塩原市,ナスシオバラシ,9
92142,さくら市,サクラシ,9
92151,那須烏山市,ナスカラスヤマシ,9
92169,下野市,シモツケシ,9
93017,上三川町,カミノカワマチ,9
93424,益子町,マシコマチ,9
93432,茂木町,モテギマチ,9
93441,市貝町,イチカイマチ,9
93459,芳賀町,ハガマチ,9
93611,壬生町,ミブマチ,9
93645,野木町,ノギマチ,9
93840,塩谷町,シオヤマチ,9
93866,高根沢町,タカネザワマチ,9
94072,那須町,ナスマチ,9
94111,那珂川町,ナカガワマチ,9
102016,前橋市,マエバシシ,10
102024,高崎市,タカサキシ,10
102032,桐生市,キリュウシ,10
102041,伊勢崎市,イセサキシ,10
102059,太田市,オオタシ,10
102067,沼田市,ヌマタシ,10
102075,館林市,タテバヤシシ,10
102083,渋川市,シブカワシ,10
102091,藤岡市,フジオカシ,10
102105,富岡市,トミオカシ,10
102113,安中市,アンナカシ,10
102121,みどり市,ミドリシ,10
103446,榛東村,シントウムラ,10
103454,吉岡町,ヨシオカマチ,10
103667,上野村,ウエノムラ,10
103675,神流町,カンナマチ,10
103829,下仁田町,シモニタマチ,10
103837,南牧村,ナンモクムラ,10
103845,甘楽町,カンラマチ,10
104213,中之条町,ナカノジヨウマチ,10
104248,長野原町,ナガノハラマチ,10
104256,嬬恋村,ツマゴイムラ,10
104264,草津町,クサツマチ,10
104281,高山村,タカヤマムラ,10
104299,東吾妻町,ヒガシアガツママチ,10
104434,片品村,カタシナムラ,10
104442,川場村,カワバムラ,10
104485,昭和村,ショウワムラ,10
104493,みなかみ町,ミナカミマチ,10
104647,玉村町,タマムラマチ,10
105210,板倉町,イタクラマチ,10
105228,明和町,メイワマチ,10
105236,千代田町,チヨダマチ,10
105244,大泉町,オオイズミマチ,10
105252,邑楽町,オウラマチ,10
3300854,大宮,オオミヤ,11
3360017,浦和,ウラワ,11
3500852,川越,カワゴエ,11
121002,千葉市,チバシ,12
122025,銚子市,チョウシシ,12
122033,市川市,イチカワシ,12
122041,船橋市,フナバシシ,12
122050,館山市,タテヤマシ,12
122068,木更津市,キサラヅシ,12
122076,松戸市,マツドシ,12
122084,野田市,ノダシ,12
122106,茂原市,モバラシ,12
122114,成田市,ナリタシ,12
122122,佐倉市,サクラシ,12
122131,東金市,トウガネシ,12
122157,旭市,アサヒシ,12
122165,習志野市,ナラシノシ,12
122173,柏市,カシワシ,12
122181,勝浦市,カツウラシ,12
122190,市原市,イチハラシ,12
122203,流山市,ナガレヤマシ,12
122211,八千代市,ヤチヨシ,12
122220,我孫子市,アビコシ,12
122238,鴨川市,カモガワシ,12
122246,鎌ケ谷市,カマガヤシ,12
122254,君津市,キミツシ,12
122262,富津市,フッツシ,12
122271,浦安市,ウラヤスシ,12
122289,四街道市,ヨツカイドウシ,12
122297,袖ケ浦市,ソデガウラシ,12
122301,八街市,ヤチマタシ,12
122319,印西市,インザイシ,12
122327,白井市,シロイシ,12
122335,富里市,トミサトシ,12
122343,南房総市,ミナミボウソウシ,12
122351,匝瑳市,ソウサシ,12
122360,香取市,カトリシ,12
122378,山武市,サンムシ,12
122386,いすみ市,イスミシ,12
122394,大網白里市,オオアミシラサトシ,12
123226,酒々井町,シスイマチ,12
123293,栄町,サカエマチ,12
123421,神崎町,コウザキマチ,12
123471,多古町,タコマチ,12
123498,東庄町,トウノショウマチ,12
124036,九十九里町,クジユウクリマチ,12
124095,芝山町,シバヤママチ,12
124109,横芝光町,ヨコシバヒカリマチ,12
124214,一宮町,イチノミヤマチ,12
124222,睦沢町,ムツザワマチ,12
124231,長生村,チョウセイムラ,12
124249,白子町,シラコマチ,12
124265,長柄町,ナガラマチ,12
124273,長南町,チョウナンマチ,12
124419,大多喜町,オオタキマチ,12
124435,御宿町,オンジユクマチ,12
124630,鋸南町,キヨナンマチ,12
1060032,六本木,ロッポンギ,13
1500013,恵比寿,エビス,13
1060031,西麻布,ニシアザブ,13
1500002,渋谷,シブヤ,13
1070052,赤坂,アカサカ,13
1040061,銀座,ギンザ,13
1530061,中目黒,ナカメグロ,13
1050004,新橋,シンバシ,13
1700014,池袋,イケブクロ,13
1600022,新宿,シンジュク,13
9290341,横浜,ヨコハマ,14
2100847,川崎,カワサキ,14
2200012,みなとみらい,ミナトミライ,14
151009,新潟市,ニイガタシ,15
152021,長岡市,ナガオカシ,15
152048,三条市,サンジョウシ,15
152056,柏崎市,カシワザキシ,15
152064,新発田市,シバタシ,15
152081,小千谷市,オヂヤシ,15
152099,加茂市,カモシ,15
152102,十日町市,トオカマチシ,15
152111,見附市,ミツケシ,15
152129,村上市,ムラカミシ,15
152137,燕市,ツバメシ,15
152161,糸魚川市,イトイガワシ,15
152170,妙高市,ミョウコウシ,15
152188,五泉市,ゴセンシ,15
152226,上越市,ジョウエツシ,15
152234,阿賀野市,アガノシ,15
152242,佐渡市,サドシ,15
152251,魚沼市,ウオヌマシ,15
152269,南魚沼市,ミナミウオヌマシ,15
152277,胎内市,タイナイシ,15
153079,聖籠町,セイロウマチ,15
153427,弥彦村,ヤヒコムラ,15
153613,田上町,タガミマチ,15
153851,阿賀町,アガマチ,15
154059,出雲崎町,イズモザキマチ,15
154610,湯沢町,ユザワマチ,15
154822,津南町,ツナンマチ,15
155047,刈羽村,カリワムラ,15
155811,関川村,セキカワムラ,15
155861,粟島浦村,アワシマウラムラ,15
162019,富山市,トヤマシ,16
162027,高岡市,タカオカシ,16
162043,魚津市,ウオヅシ,16
162051,氷見市,ヒミシ,16
162060,滑川市,ナメリカワシ,16
162078,黒部市,クロベシ,16
162086,砺波市,トナミシ,16
162094,小矢部市,オヤベシ,16
162108,南砺市,ナントシ,16
162116,射水市,イミズシ,16
163210,舟橋村,フナハシムラ,16
163228,上市町,カミイチマチ,16
163236,立山町,タテヤママチ,16
163422,入善町,ニュウゼンマチ,16
163431,朝日町,アサヒマチ,16
172014,金沢市,カナザワシ,17
172022,七尾市,ナナオシ,17
172031,小松市,コマツシ,17
172049,輪島市,ワジマシ,17
172057,珠洲市,スズシ,17
172065,加賀市,カガシ,17
172073,羽咋市,ハクイシ,17
172090,かほく市,カホクシ,17
172103,白山市,ハクサンシ,17
172111,能美市,ノミシ,17
172120,野々市市,ノノイチシ,17
173240,川北町,カワキタマチ,17
173614,津幡町,ツバタマチ,17
173657,内灘町,ウチナダマチ,17
173843,志賀町,シカマチ,17
173860,宝達志水町,ホウダツシミズチョウ,17
174076,中能登町,ナカノトマチ,17
174611,穴水町,アナミズマチ,17
174637,能登町,ノトチョウ,17
182010,福井市,フクイシ,18
182028,敦賀市,ツルガシ,18
182044,小浜市,オバマシ,18
182052,大野市,オオノシ,18
182061,勝山市,カツヤマシ,18
182079,鯖江市,サバエシ,18
182087,あわら市,アワラシ,18
182095,越前市,エチゼンシ,18
182109,坂井市,サカイシ,18
183229,永平寺町,エイヘイジチョウ,18
183822,池田町,イケダチョウ,18
184047,南越前町,ミナミエチゼンチョウ,18
184233,越前町,エチゼンチョウ,18
184420,美浜町,ミハマチョウ,18
184811,高浜町,タカハマチョウ,18
184837,おおい町,オオイチョウ,18
185019,若狭町,ワカサチョウ,18
192015,甲府市,コウフシ,19
192023,富士吉田市,フジヨシダシ,19
192040,都留市,ツルシ,19
192058,山梨市,ヤマナシシ,19
192066,大月市,オオツキシ,19
192074,韮崎市,ニラサキシ,19
192082,南アルプス市,ミナミアルプスシ,19
192091,北杜市,ホクトシ,19
192104,甲斐市,カイシ,19
192112,笛吹市,フエフキシ,19
192121,上野原市,ウエノハラシ,19
192139,甲州市,コウシュウシ,19
192147,中央市,チュウオウシ,19
193461,市川三郷町,イチカワミサトチョウ,19
193640,早川町,ハヤカワチョウ,19
193658,身延町,ミノブチョウ,19
193666,南部町,ナンブチョウ,19
193682,富士川町,フジカワチョウ,19
193844,昭和町,ショウワチョウ,19
194221,道志村,ドウシムラ,19
194239,西桂町,ニシカツラチョウ,19
194247,忍野村,オシノムラ,19
194255,山中湖村,ヤマナカコムラ,19
194298,鳴沢村,ナルサワムラ,19
194301,富士河口湖町,フジカワグチコマチ,19
194425,小菅村,コスゲムラ,19
194433,丹波山村,タバヤマムラ,19
202011,長野市,ナガノシ,20
202029,松本市,マツモトシ,20
202037,上田市,ウエダシ,20
202045,岡谷市,オカヤシ,20
202053,飯田市,イイダシ,20
202061,諏訪市,スワシ,20
202070,須坂市,スザカシ,20
202088,小諸市,コモロシ,20
202096,伊那市,イナシ,20
202100,駒ヶ根市,コマガネシ,20
202118,中野市,ナカノシ,20
202126,大町市,オオマチシ,20
202134,飯山市,イイヤマシ,20
202142,茅野市,チノシ,20
202151,塩尻市,シオジリシ,20
202177,佐久市,サクシ,20
202185,千曲市,チクマシ,20
202193,東御市,トウミシ,20
202207,安曇野市,アヅミノシ,20
203033,小海町,コウミマチ,20
203041,川上村,カワカミムラ,20
203050,南牧村,ミナミマキムラ,20
203068,南相木村,ミナミアイキムラ,20
203076,北相木村,キタアイキムラ,20
203092,佐久穂町,サクホマチ,20
203211,軽井沢町,カルイザワマチ,20
203238,御代田町,ミヨタマチ,20
203246,立科町,タテシナマチ,20
203491,青木村,アオキムラ,20
203505,長和町,ナガワマチ,20
203611,下諏訪町,シモスワマチ,20
203629,富士見町,フジミマチ,20
203637,原村,ハラムラ,20
203823,辰野町,タツノマチ,20
203831,箕輪町,ミノワマチ,20
203840,飯島町,イイジママチ,20
203858,南箕輪村,ミナミミノワムラ,20
203866,中川村,ナカガワムラ,20
203882,宮田村,ミヤダムラ,20
204021,松川町,マツカワマチ,20
204030,高森町,タカモリマチ,20
204048,阿南町,アナンチョウ,20
204072,阿智村,アチムラ,20
204099,平谷村,ヒラヤムラ,20
204102,根羽村,ネバムラ,20
204111,下條村,シモジョウムラ,20
204129,売木村,ウルギムラ,20
204137,天龍村,テンリュウムラ,20
204145,泰阜村,ヤスオカムラ,20
204153,喬木村,タカギムラ,20
204161,豊丘村,トヨオカムラ,20
204170,大鹿村,オオシカムラ,20
204226,上松町,アゲマツマチ,20
204234,南木曽町,ナギソマチ,20
204251,木祖村,キソムラ,20
204293,王滝村,オウタキムラ,20
204307,大桑村,オオクワムラ,20
204323,木曽町,キソマチ,20
204463,麻績村,オミムラ,20
204480,生坂村,イクサカムラ,20
204501,山形村,ヤマガタムラ,20
204510,朝日村,アサヒムラ,20
204528,筑北村,チクホクムラ,20
204811,池田町,イケダマチ,20
204820,松川村,マツカワムラ,20
204854,白馬村,ハクバムラ,20
204862,小谷村,オタリムラ,20
205214,坂城町,サカキマチ,20
205419,小布施町,オブセマチ,20
205435,高山村,タカヤマムラ,20
205613,山ノ内町,ヤマノウチマチ,20
205621,木島平村,キジマダイラムラ,20
205630,野沢温泉村,ノザワオンセンムラ,20
205834,信濃町,シナノマチ,20
205885,小川村,オガワムラ,20
205907,飯綱町,イイヅナマチ,20
206024,栄村,サカエムラ,20
212016,岐阜市,ギフシ,21
212024,大垣市,オオガキシ,21
212032,高山市,タカヤマシ,21
212041,多治見市,タジミシ,21
212059,関市,セキシ,21
212067,中津川市,ナカツガワシ,21
212075,美濃市,ミノシ,21
212083,瑞浪市,ミズナミシ,21
212091,羽島市,ハシマシ,21
212105,恵那市,エナシ,21
212113,美濃加茂市,ミノカモシ,21
212121,土岐市,トキシ,21
212130,各務原市,カカミガハラシ,21
212148,可児市,カニシ,21
212156,山県市,ヤマガタシ,21
212164,瑞穂市,ミズホシ,21
212172,飛騨市,ヒダシ,21
212181,本巣市,モトスシ,21
212199,郡上市,グジョウシ,21
212202,下呂市,ゲロシ,21
212211,海津市,カイヅシ,21
213021,岐南町,ギナンチョウ,21
213039,笠松町,カサマツチョウ,21
213411,養老町,ヨウロウチョウ,21
213616,垂井町,タルイチョウ,21
213624,関ケ原町,セキガハラチョウ,21
213811,神戸町,ゴウドチョウ,21
213829,輪之内町,ワノウチチョウ,21
213837,安八町,アンパチチョウ,21
214019,揖斐川町,イビガワチョウ,21
214035,大野町,オオノチョウ,21
214043,池田町,イケダチョウ,21
214213,北方町,キタガタチョウ,21
215015,坂祝町,サカホギチョウ,21
215023,富加町,トミカチョウ,21
215031,川辺町,カワベチョウ,21
215040,七宗町,ヒチソウチョウ,21
215058,八百津町,ヤオツチョウ,21
215066,白川町,シラカワチョウ,21
215074,東白川村,ヒガシシラカワムラ,21
215210,御嵩町,ミタケチョウ,21
216046,白川村,シラカワムラ,21
221007,静岡市,シズオカシ,22
221309,浜松市,ハママツシ,22
222038,沼津市,ヌマヅシ,22
222054,熱海市,アタミシ,22
222062,三島市,ミシマシ,22
222071,富士宮市,フジノミヤシ,22
222089,伊東市,イトウシ,22
222097,島田市,シマダシ,22
222101,富士市,フジシ,22
222119,磐田市,イワタシ,22
222127,焼津市,ヤイヅシ,22
222135,掛川市,カケガワシ,22
222143,藤枝市,フジエダシ,22
222151,御殿場市,ゴテンバシ,22
222160,袋井市,フクロイシ,22
222194,下田市,シモダシ,22
222208,裾野市,スソノシ,22
222216,湖西市,コサイシ,22
222224,伊豆市,イズシ,22
222232,御前崎市,オマエザキシ,22
222241,菊川市,キクガワシ,22
222259,伊豆の国市,イズノクニシ,22
222267,牧之原市,マキノハラシ,22
223018,東伊豆町,ヒガシイズチョウ,22
223026,河津町,カワヅチョウ,22
223042,南伊豆町,ミナミイズチョウ,22
223051,松崎町,マツザキチョウ,22
223069,西伊豆町,ニシイズチョウ,22
223255,函南町,カンナミチョウ,22
223417,清水町,シミズチョウ,22
223425,長泉町,ナガイズミチョウ,22
223441,小山町,オヤマチョウ,22
224243,吉田町,ヨシダチョウ,22
224294,川根本町,カワネホンチョウ,22
224618,森町,モリマチ,22
231002,名古屋市,ナゴヤシ,23
232017,豊橋市,トヨハシシ,23
232025,岡崎市,オカザキシ,23
232033,一宮市,イチノミヤシ,23
232041,瀬戸市,セトシ,23
232050,半田市,ハンダシ,23
232068,春日井市,カスガイシ,23
232076,豊川市,トヨカワシ,23
232084,津島市,ツシマシ,23
232092,碧南市,ヘキナンシ,23
232106,刈谷市,カリヤシ,23
232114,豊田市,トヨタシ,23
232122,安城市,アンジョウシ,23
232131,西尾市,ニシオシ,23
232149,蒲郡市,ガマゴオリシ,23
232157,犬山市,イヌヤマシ,23
232165,常滑市,トコナメシ,23
232173,江南市,コウナンシ,23
232190,小牧市,コマキシ,23
232203,稲沢市,イナザワシ,23
232211,新城市,シンシロシ,23
232220,東海市,トウカイシ,23
232238,大府市,オオブシ,23
232246,知多市,チタシ,23
232254,知立市,チリュウシ,23
232262,尾張旭市,オワリアサヒシ,23
232271,高浜市,タカハマシ,23
232289,岩倉市,イワクラシ,23
232297,豊明市,トヨアケシ,23
232301,日進市,ニッシンシ,23
232319,田原市,タハラシ,23
232327,愛西市,アイサイシ,23
232335,清須市,キヨスシ,23
232343,北名古屋市,キタナゴヤシ,23
232351,弥富市,ヤトミシ,23
232360,みよし市,ミヨシシ,23
232378,あま市,アマシ,23
232386,長久手市,ナガクテシ,23
233021,東郷町,トウゴウチョウ,23
233421,豊山町,トヨヤマチョウ,23
233617,大口町,オオグチチョウ,23
233625,扶桑町,フソウチョウ,23
234249,大治町,オオハルチョウ,23
234257,蟹江町,カニエチョウ,23
234273,飛島村,トビシマムラ,23
234419,阿久比町,アグイチョウ,23
234427,東浦町,ヒガシウラチョウ,23
234451,南知多町,ミナミチタチョウ,23
234460,美浜町,ミハマチョウ,23
234478,武豊町,タケトヨチョウ,23
235016,幸田町,コウタチョウ,23
235610,設楽町,シタラチョウ,23
235628,東栄町,トウエイチョウ,23
235636,豊根村,トヨネムラ,23
242012,津市,ツシ,24
242021,四日市市,ヨッカイチシ,24
242039,伊勢市,イセシ,24
242047,松阪市,マツサカシ,24
242055,桑名市,クワナシ,24
242071,鈴鹿市,スズカシ,24
242080,名張市,ナバリシ,24
242098,尾鷲市,オワセシ,24
242101,亀山市,カメヤマシ,24
242110,鳥羽市,トバシ,24
242128,熊野市,クマノシ,24
242144,いなべ市,イナベシ,24
242152,志摩市,シマシ,24
242161,伊賀市,イガシ,24
243035,木曽岬町,キソサキチョウ,24
243248,東員町,トウインチョウ,24
243418,菰野町,コモノチョウ,24
243434,朝日町,アサヒチョウ,24
243442,川越町,カワゴエチョウ,24
244414,多気町,タキチョウ,24
244422,明和町,メイワチョウ,24
244431,大台町,オオダイチョウ,24
244619,玉城町,タマキチョウ,24
244708,度会町,ワタライチョウ,24
244716,大紀町,タイキチョウ,24
244724,南伊勢町,ミナミイセチョウ,24
245437,紀北町,キホクチョウ,24
245615,御浜町,ミハマチョウ,24
245623,紀宝町,キホウチョウ,24
252018,大津市,オオツシ,25
252026,彦根市,ヒコネシ,25
252034,長浜市,ナガハマシ,25
252042,近江八幡市,オウミハチマンシ,25
252069,草津市,クサツシ,25
252077,守山市,モリヤマシ,25
252085,栗東市,リットウシ,25
252093,甲賀市,コウカシ,25
252107,野洲市,ヤスシ,25
252115,湖南市,コナンシ,25
252123,高島市,タカシマシ,25
252131,東近江市,ヒガシオウミシ,25
252140,米原市,マイバラシ,25
253839,日野町,ヒノチョウ,25
253847,竜王町,リユウオウチョウ,25
254258,愛荘町,アイショウチョウ,25
254410,豊郷町,トヨサトチョウ,25
254428,甲良町,コウラチョウ,25
254436,多賀町,タガチョウ,25
6008001,四条,シジョウ,26
6050074,祇園 ,ギオン,26
5300001,梅田 ,ウメダ,27
8694225,北新地 ,キタシンチ,27
5530003,福島 ,フクシマ,27
8740906,天満 ,テンマ,27
5420076,なんば ,ナンバ,27
5420086,心斎橋 ,シンサイバシ,27
5430051,天王寺 ,テンノウジ,27
6500021,三宮 ,サンノミヤ,28
6620013,西宮 ,ニシノミヤ,28
6700803,姫路 ,ヒメジ,28
292010,奈良市,ナラシ,29
292028,大和高田市,ヤマトタカダシ,29
292036,大和郡山市,ヤマトコオリヤマシ,29
292044,天理市,テンリシ,29
292052,橿原市,カシハラシ,29
292061,桜井市,サクライシ,29
292079,五條市,ゴジョウシ,29
292087,御所市,ゴセシ,29
292095,生駒市,イコマシ,29
292109,香芝市,カシバシ,29
292117,葛城市,カツラギシ,29
292125,宇陀市,ウダシ,29
293229,山添村,ヤマゾエムラ,29
293423,平群町,ヘグリチョウ,29
293431,三郷町,サンゴウチョウ,29
293440,斑鳩町,イカルガチョウ,29
293458,安堵町,アンドチョウ,29
293610,川西町,カワニシチョウ,29
293628,三宅町,ミヤケチョウ,29
293636,田原本町,タワラモトチョウ,29
293857,曽爾村,ソニムラ,29
293865,御杖村,ミツエムラ,29
294012,高取町,タカトリチョウ,29
294021,明日香村,アスカムラ,29
294241,上牧町,カンマキチョウ,29
294250,王寺町,オウジチョウ,29
294268,広陵町,コウリヨウチョウ,29
294276,河合町,カワイチョウ,29
294411,吉野町,ヨシノチョウ,29
294420,大淀町,オオヨドチョウ,29
294438,下市町,シモイチチョウ,29
294446,黒滝村,クロタキムラ,29
294462,天川村,テンカワムラ,29
294471,野迫川村,ノセガワムラ,29
294497,十津川村,トツカワムラ,29
294501,下北山村,シモキタヤマムラ,29
294519,上北山村,カミキタヤマムラ,29
294527,川上村,カワカミムラ,29
294535,東吉野村,ヒガシヨシノムラ,29
302015,和歌山市,ワカヤマシ,30
302023,海南市,カイナンシ,30
302031,橋本市,ハシモトシ,30
302040,有田市,アリダシ,30
302058,御坊市,ゴボウシ,30
302066,田辺市,タナベシ,30
302074,新宮市,シングウシ,30
302082,紀の川市,キノカワシ,30
302091,岩出市,イワデシ,30
303046,紀美野町,キミノチョウ,30
303411,かつらぎ町,カツラギチョウ,30
303437,九度山町,クドヤマチョウ,30
303445,高野町,コウヤチョウ,30
303615,湯浅町,ユアサチョウ,30
303623,広川町,ヒロガワチョウ,30
303666,有田川町,アリダガワチョウ,30
303810,美浜町,ミハマチョウ,30
303828,日高町,ヒダカチョウ,30
303836,由良町,ユラチョウ,30
303909,印南町,イナミチョウ,30
303917,みなべ町,ミナベチョウ,30
303925,日高川町,ヒダカガワチョウ,30
304018,白浜町,シラハマチョウ,30
304042,上富田町,カミトンダチョウ,30
304069,すさみ町,スサミチョウ,30
304212,那智勝浦町,ナチカツウラチョウ,30
304221,太地町,タイジチョウ,30
304247,古座川町,コザガワチョウ,30
304271,北山村,キタヤマムラ,30
304280,串本町,クシモトチョウ,30
312011,鳥取市,トットリシ,31
312029,米子市,ヨナゴシ,31
312037,倉吉市,クラヨシシ,31
312045,境港市,サカイミナトシ,31
313025,岩美町,イワミチョウ,31
313254,若桜町,ワカサチョウ,31
313289,智頭町,チヅチョウ,31
313297,八頭町,ヤズチョウ,31
313645,三朝町,ミササチョウ,31
313700,湯梨浜町,ユリハマチョウ,31
313718,琴浦町,コトウラチョウ,31
313726,北栄町,ホクエイチョウ,31
313840,日吉津村,ヒエヅソン,31
313866,大山町,ダイセンチョウ,31
313891,南部町,ナンブチョウ,31
313904,伯耆町,ホウキチョウ,31
314013,日南町,ニチナンチョウ,31
314021,日野町,ヒノチョウ,31
314030,江府町,コウフチョウ,31
322016,松江市,マツエシ,32
322024,浜田市,ハマダシ,32
322032,出雲市,イズモシ,32
322041,益田市,マスダシ,32
322059,大田市,オオダシ,32
322067,安来市,ヤスギシ,32
322075,江津市,ゴウツシ,32
322091,雲南市,ウンナンシ,32
323438,奥出雲町,オクイズモチョウ,32
323861,飯南町,イイナンチョウ,32
324418,川本町,カワモトマチ,32
324485,美郷町,ミサトチョウ,32
324493,邑南町,オオナンチョウ,32
325015,津和野町,ツワノチョウ,32
325058,吉賀町,ヨシカチョウ,32
325252,海士町,アマチョウ,32
325261,西ノ島町,ニシノシマチョウ,32
325279,知夫村,チブムラ,32
325287,隠岐の島町,オキノシマチョウ,32
331007,岡山市,オカヤマシ,33
332020,倉敷市,クラシキシ,33
332038,津山市,ツヤマシ,33
332046,玉野市,タマノシ,33
332054,笠岡市,カサオカシ,33
332071,井原市,イバラシ,33
332089,総社市,ソウジヤシ,33
332097,高梁市,タカハシシ,33
332101,新見市,ニイミシ,33
332119,備前市,ビゼンシ,33
332127,瀬戸内市,セトウチシ,33
332135,赤磐市,アカイワシ,33
332143,真庭市,マニワシ,33
332151,美作市,ミマサカシ,33
332160,浅口市,アサクチシ,33
333468,和気町,ワケチョウ,33
334235,早島町,ハヤシマチョウ,33
334456,里庄町,サトショウチョウ,33
334618,矢掛町,ヤカゲチョウ,33
335860,新庄村,シンジヨウソン,33
336068,鏡野町,カガミノチョウ,33
336220,勝央町,ショウオウチョウ,33
336238,奈義町,ナギチョウ,33
336432,西粟倉村,ニシアワクラソン,33
336637,久米南町,クメナンチョウ,33
336661,美咲町,ミサキチョウ,33
336815,吉備中央町,キビチュウオウチョウ,33
341002,広島市,ヒロシマシ,34
342025,呉市,クレシ,34
342033,竹原市,タケハラシ,34
342041,三原市,ミハラシ,34
342050,尾道市,オノミチシ,34
342076,福山市,フクヤマシ,34
342084,府中市,フチュウシ,34
342092,三次市,ミヨシシ,34
342106,庄原市,ショウバラシ,34
342114,大竹市,オオタケシ,34
342122,東広島市,ヒガシヒロシマシ,34
342131,廿日市市,ハツカイチシ,34
342149,安芸高田市,アキタカタシ,34
342157,江田島市,エタジマシ,34
343021,府中町,フチュウチョウ,34
343048,海田町,カイタチョウ,34
343072,熊野町,クマノチョウ,34
343099,坂町,サカチョウ,34
343684,安芸太田町,アキオオタチョウ,34
343692,北広島町,キタヒロシマチョウ,34
344311,大崎上島町,オオサキカミジマチョウ,34
344621,世羅町,セラチョウ,34
345458,神石高原町,ジンセキコウゲンチョウ,34
352012,下関市,シモノセキシ,35
352021,宇部市,ウベシ,35
352039,山口市,ヤマグチシ,35
352047,萩市,ハギシ,35
352063,防府市,ホウフシ,35
352071,下松市,クダマツシ,35
352080,岩国市,イワクニシ,35
352101,光市,ヒカリシ,35
352110,長門市,ナガトシ,35
352128,柳井市,ヤナイシ,35
352136,美祢市,ミネシ,35
352152,周南市,シュウナンシ,35
352161,山陽小野田市,サンヨウオノダシ,35
353051,周防大島町,スオウオオシマチョウ,35
353213,和木町,ワキチョウ,35
353418,上関町,カミノセキチョウ,35
353434,田布施町,タブセチョウ,35
353442,平生町,ヒラオチョウ,35
355020,阿武町,アブチョウ,35
362018,徳島市,トクシマシ,36
362026,鳴門市,ナルトシ,36
362034,小松島市,コマツシマシ,36
362042,阿南市,アナンシ,36
362051,吉野川市,ヨシノガワシ,36
362069,阿波市,アワシ,36
362077,美馬市,ミマシ,36
362085,三好市,ミヨシシ,36
363014,勝浦町,カツウラチョウ,36
363022,上勝町,カミカツチョウ,36
363219,佐那河内村,サナゴウチソン,36
363413,石井町,イシイチョウ,36
363421,神山町,カミヤマチョウ,36
363685,那賀町,ナカチョウ,36
363839,牟岐町,ムギチョウ,36
363871,美波町,ミナミチョウ,36
363880,海陽町,カイヨウチョウ,36
364011,松茂町,マツシゲチョウ,36
364029,北島町,キタジマチョウ,36
364037,藍住町,アイズミチョウ,36
364045,板野町,イタノチョウ,36
364053,上板町,カミイタチョウ,36
364681,つるぎ町,ツルギチョウ,36
364894,東みよし町,ヒガシミヨシチョウ,36
372013,高松市,タカマツシ,37
372021,丸亀市,マルガメシ,37
372030,坂出市,サカイデシ,37
372048,善通寺市,ゼンツウジシ,37
372056,観音寺市,カンオンジシ,37
372064,さぬき市,サヌキシ,37
372072,東かがわ市,ヒガシカガワシ,37
372081,三豊市,ミトヨシ,37
373222,土庄町,トノショウチョウ,37
373249,小豆島町,ショウドシマチョウ,37
373419,三木町,ミキチョウ,37
373648,直島町,ナオシマチョウ,37
373869,宇多津町,ウタヅチョウ,37
373877,綾川町,アヤガワチョウ,37
374032,琴平町,コトヒラチョウ,37
374041,多度津町,タドツチョウ,37
374067,まんのう町,マンノウチョウ,37
382019,松山市,マツヤマシ,38
382027,今治市,イマバリシ,38
382035,宇和島市,ウワジマシ,38
382043,八幡浜市,ヤワタハマシ,38
382051,新居浜市,ニイハマシ,38
382060,西条市,サイジョウシ,38
382078,大洲市,オオズシ,38
382108,伊予市,イヨシ,38
382132,四国中央市,シコクチュウオウシ,38
382141,西予市,セイヨシ,38
382159,東温市,トウオンシ,38
383562,上島町,カミジマチョウ,38
383864,久万高原町,クマコウゲンチョウ,38
384011,松前町,マサキチョウ,38
384020,砥部町,トベチョウ,38
384224,内子町,ウチコチョウ,38
384429,伊方町,イカタチョウ,38
384844,松野町,マツノチョウ,38
384887,鬼北町,キホクチョウ,38
385069,愛南町,アイナンチョウ,38
392014,高知市,コウチシ,39
392022,室戸市,ムロトシ,39
392031,安芸市,アキシ,39
392049,南国市,ナンコクシ,39
392057,土佐市,トサシ,39
392065,須崎市,スサキシ,39
392081,宿毛市,スクモシ,39
392090,土佐清水市,トサシミズシ,39
392103,四万十市,シマントシ,39
392111,香南市,コウナンシ,39
392120,香美市,カミシ,39
393011,東洋町,トウヨウチョウ,39
393029,奈半利町,ナハリチョウ,39
393037,田野町,タノチョウ,39
393045,安田町,ヤスダチョウ,39
393053,北川村,キタガワムラ,39
393061,馬路村,ウマジムラ,39
393070,芸西村,ゲイセイムラ,39
393410,本山町,モトヤマチョウ,39
393444,大豊町,オオトヨチョウ,39
393631,土佐町,トサチョウ,39
393649,大川村,オオカワムラ,39
393860,いの町,イノチョウ,39
393878,仁淀川町,ニヨドガワチョウ,39
394017,中土佐町,ナカトサチョウ,39
394025,佐川町,サカワチョウ,39
394033,越知町,オチチョウ,39
394050,梼原町,ユスハラチョウ,39
394106,日高村,ヒダカムラ,39
394114,津野町,ツノチョウ,39
394122,四万十町,シマントチョウ,39
394246,大月町,オオツキチョウ,39
394271,三原村,ミハラムラ,39
394289,黒潮町,クロシオチョウ,39
401005,北九州市,キタキュウシュウシ,40
401307,福岡市,フクオカシ,40
402028,大牟田市,オオムタシ,40
402036,久留米市,クルメシ,40
402044,直方市,ノオガタシ,40
402052,飯塚市,イイヅカシ,40
402061,田川市,タガワシ,40
402079,柳川市,ヤナガワシ,40
402109,八女市,ヤメシ,40
402117,筑後市,チクゴシ,40
402125,大川市,オオカワシ,40
402133,行橋市,ユクハシシ,40
402141,豊前市,ブゼンシ,40
402150,中間市,ナカマシ,40
402168,小郡市,オゴオリシ,40
402176,筑紫野市,チクシノシ,40
402184,春日市,カスガシ,40
402192,大野城市,オオノジョウシ,40
402206,宗像市,ムナカタシ,40
402214,太宰府市,ダザイフシ,40
402231,古賀市,コガシ,40
402249,福津市,フクツシ,40
402257,うきは市,ウキハシ,40
402265,宮若市,ミヤワカシ,40
402273,嘉麻市,カマシ,40
402281,朝倉市,アサクラシ,40
402290,みやま市,ミヤマシ,40
402303,糸島市,イトシマシ,40
403059,那珂川町,ナカガワマチ,40
403415,宇美町,ウミマチ,40
403423,篠栗町,ササグリマチ,40
403431,志免町,シメマチ,40
403440,須恵町,スエマチ,40
403458,新宮町,シングウマチ,40
403482,久山町,ヒサヤママチ,40
403491,粕屋町,カスヤマチ,40
403814,芦屋町,アシヤマチ,40
403822,水巻町,ミズマキマチ,40
403831,岡垣町,オカガキマチ,40
403849,遠賀町,オンガチョウ,40
404012,小竹町,コタケマチ,40
404021,鞍手町,クラテマチ,40
404217,桂川町,ケイセンマチ,40
404471,筑前町,チクゼンマチ,40
404489,東峰村,トウホウムラ,40
405035,大刀洗町,タチアライマチ,40
405221,大木町,オオキマチ,40
405442,広川町,ヒロカワマチ,40
406015,香春町,カワラマチ,40
406023,添田町,ソエダマチ,40
406040,糸田町,イトダマチ,40
406058,川崎町,カワサキマチ,40
406082,大任町,オオトウマチ,40
406091,赤村,アカムラ,40
406104,福智町,フクチマチ,40
406210,苅田町,カンダマチ,40
406252,みやこ町,ミヤコマチ,40
406422,吉富町,ヨシトミマチ,40
406465,上毛町,コウゲマチ,40
406473,築上町,チクジョウマチ,40
412015,佐賀市,サガシ,41
412023,唐津市,カラツシ,41
412031,鳥栖市,トスシ,41
412040,多久市,タクシ,41
412058,伊万里市,イマリシ,41
412066,武雄市,タケオシ,41
412074,鹿島市,カシマシ,41
412082,小城市,オギシ,41
412091,嬉野市,ウレシノシ,41
412104,神埼市,カンザキシ,41
413275,吉野ヶ里町,ヨシノガリチョウ,41
413411,基山町,キヤマチョウ,41
413453,上峰町,カミミネチョウ,41
413461,みやき町,ミヤキチョウ,41
413879,玄海町,ゲンカイチョウ,41
414018,有田町,アリタチョウ,41
414239,大町町,オオマチチョウ,41
414247,江北町,コウホクマチ,41
414255,白石町,シロイシチョウ,41
414417,太良町,タラチョウ,41
422011,長崎市,ナガサキシ,42
422029,佐世保市,サセボシ,42
422037,島原市,シマバラシ,42
422045,諫早市,イサハヤシ,42
422053,大村市,オオムラシ,42
422070,平戸市,ヒラドシ,42
422088,松浦市,マツウラシ,42
422096,対馬市,ツシマシ,42
422100,壱岐市,イキシ,42
422118,五島市,ゴトウシ,42
422126,西海市,サイカイシ,42
422134,雲仙市,ウンゼンシ,42
422142,南島原市,ミナミシマバラシ,42
423076,長与町,ナガヨチョウ,42
423084,時津町,トギツチョウ,42
423211,東彼杵町,ヒガシソノギチョウ,42
423220,川棚町,カワタナチョウ,42
423238,波佐見町,ハサミチョウ,42
423831,小値賀町,オヂカチョウ,42
423912,佐々町,サザチョウ,42
424111,新上五島町,シンカミゴトウチョウ,42
431001,熊本市,クマモトシ,43
432024,八代市,ヤツシロシ,43
432032,人吉市,ヒトヨシシ,43
432041,荒尾市,アラオシ,43
432059,水俣市,ミナマタシ,43
432067,玉名市,タマナシ,43
432083,山鹿市,ヤマガシ,43
432105,菊池市,キクチシ,43
432113,宇土市,ウトシ,43
432121,上天草市,カミアマクサシ,43
432130,宇城市,ウキシ,43
432148,阿蘇市,アソシ,43
432156,天草市,アマクサシ,43
432164,合志市,コウシシ,43
433489,美里町,ミサトマチ,43
433641,玉東町,ギョクトウマチ,43
433675,南関町,ナンカンマチ,43
433683,長洲町,ナガスマチ,43
433691,和水町,ナゴミマチ,43
434035,大津町,オオヅマチ,43
434043,菊陽町,キクヨウマチ,43
434230,南小国町,ミナミオグニマチ,43
434248,小国町,オグニマチ,43
434256,産山村,ウブヤマムラ,43
434281,高森町,タカモリマチ,43
434329,西原村,ニシハラムラ,43
434337,南阿蘇村,ミナミアソムラ,43
434418,御船町,ミフネマチ,43
434426,嘉島町,カシママチ,43
434434,益城町,マシキマチ,43
434442,甲佐町,コウサマチ,43
434477,山都町,ヤマトチョウ,43
434680,氷川町,ヒカワチョウ,43
434825,芦北町,アシキタマチ,43
434841,津奈木町,ツナギマチ,43
435015,錦町,ニシキマチ,43
435058,多良木町,タラギマチ,43
435066,湯前町,ユノマエマチ,43
435074,水上村,ミズカミムラ,43
435104,相良村,サガラムラ,43
435112,五木村,イツキムラ,43
435121,山江村,ヤマエムラ,43
435139,球磨村,クマムラ,43
435147,あさぎり町,アサギリチョウ,43
435317,苓北町,レイホクマチ,43
442011,大分市,オオイタシ,44
442020,別府市,ベップシ,44
442038,中津市,ナカツシ,44
442046,日田市,ヒタシ,44
442054,佐伯市,サイキシ,44
442062,臼杵市,ウスキシ,44
442071,津久見市,ツクミシ,44
442089,竹田市,タケタシ,44
442097,豊後高田市,ブンゴタカダシ,44
442101,杵築市,キツキシ,44
442119,宇佐市,ウサシ,44
442127,豊後大野市,ブンゴオオノシ,44
442135,由布市,ユフシ,44
442143,国東市,クニサキシ,44
443221,姫島村,ヒメシマムラ,44
443417,日出町,ヒジマチ,44
444618,九重町,ココノエマチ,44
444626,玖珠町,クスマチ,44
452017,宮崎市,ミヤザキシ,45
452025,都城市,ミヤコノジョウシ,45
452033,延岡市,ノベオカシ,45
452041,日南市,ニチナンシ,45
452050,小林市,コバヤシシ,45
452068,日向市,ヒュウガシ,45
452076,串間市,クシマシ,45
452084,西都市,サイトシ,45
452092,えびの市,エビノシ,45
453412,三股町,ミマタチョウ,45
453617,高原町,タカハルチョウ,45
453820,国富町,クニトミチョウ,45
453838,綾町,アヤチョウ,45
454010,高鍋町,タカナベチョウ,45
454028,新富町,シントミチョウ,45
454036,西米良村,ニシメラソン,45
454044,木城町,キジョウチョウ,45
454052,川南町,カワミナミチョウ,45
454061,都農町,ツノチョウ,45
454214,門川町,カドガワチョウ,45
454290,諸塚村,モロツカソン,45
454303,椎葉村,シイバソン,45
454311,美郷町,ミサトチョウ,45
454419,高千穂町,タカチホチョウ,45
454427,日之影町,ヒノカゲチョウ,45
454435,五ヶ瀬町,ゴカセチョウ,45
462012,鹿児島市,カゴシマシ,46
462039,鹿屋市,カノヤシ,46
462047,枕崎市,マクラザキシ,46
462063,阿久根市,アクネシ,46
462080,出水市,イズミシ,46
462101,指宿市,イブスキシ,46
462136,西之表市,ニシノオモテシ,46
462144,垂水市,タルミズシ,46
462152,薩摩川内市,サツマセンダイシ,46
462161,日置市,ヒオキシ,46
462179,曽於市,ソオシ,46
462187,霧島市,キリシマシ,46
462195,いちき串木野市,イチキクシキノシ,46
462209,南さつま市,ミナミサツマシ,46
462217,志布志市,シブシシ,46
462225,奄美市,アマミシ,46
462233,南九州市,ミナミキュウシュウシ,46
462241,伊佐市,イサシ,46
462250,姶良市,アイラシ,46
463035,三島村,ミシマムラ,46
463043,十島村,トシマムラ,46
463922,さつま町,サツマチョウ,46
464040,長島町,ナガシマチョウ,46
464520,湧水町,ユウスイチョウ,46
464686,大崎町,オオサキチョウ,46
464821,東串良町,ヒガシクシラチョウ,46
464902,錦江町,キンコウチョウ,46
464911,南大隅町,ミナミオオスミチョウ,46
464929,肝付町,キモツキチョウ,46
465011,中種子町,ナカタネチョウ,46
465020,南種子町,ミナミタネチョウ,46
465054,屋久島町,ヤクシマチョウ,46
465232,大和村,ヤマトソン,46
465241,宇検村,ウケンソン,46
465259,瀬戸内町,セトウチチョウ,46
465275,龍郷町,タツゴウチョウ,46
465291,喜界町,キカイチョウ,46
465305,徳之島町,トクノシマチョウ,46
465313,天城町,アマギチョウ,46
465321,伊仙町,イセンチョウ,46
465330,和泊町,ワドマリチョウ,46
465348,知名町,チナチョウ,46
465356,与論町,ヨロンチョウ,46
472018,那覇市,ナハシ,47
472051,宜野湾市,ギノワンシ,47
472077,石垣市,イシガキシ,47
472085,浦添市,ウラソエシ,47
472093,名護市,ナゴシ,47
472107,糸満市,イトマンシ,47
472115,沖縄市,オキナワシ,47
472123,豊見城市,トミグスクシ,47
472131,うるま市,ウルマシ,47
472140,宮古島市,ミヤコジマシ,47
472158,南城市,ナンジョウシ,47
473014,国頭村,クニガミソン,47
473022,大宜味村,オオギミソン,47
473031,東村,ヒガシソン,47
473065,今帰仁村,ナキジンソン,47
473081,本部町,モトブチョウ,47
473111,恩納村,オンナソン,47
473138,宜野座村,ギノザソン,47
473146,金武町,キンチョウ,47
473154,伊江村,イエソン,47
473243,読谷村,ヨミタンソン,47
473251,嘉手納町,カデナチョウ,47
473260,北谷町,チヤタンチョウ,47
473278,北中城村,キタナカグスクソン,47
473286,中城村,ナカグスクソン,47
473294,西原町,ニシハラチョウ,47
473481,与那原町,ヨナバルチョウ,47
473502,南風原町,ハエバルチョウ,47
473537,渡嘉敷村,トカシキソン,47
473545,座間味村,ザマミソン,47
473553,粟国村,アグニソン,47
473561,渡名喜村,トナキソン,47
473570,南大東村,ミナミダイトウソン,47
473588,北大東村,キタダイトウソン,47
473596,伊平屋村,イヘヤソン,47
473600,伊是名村,イゼナソン,47
473618,久米島町,クメジマチョウ,47
473626,八重瀬町,ヤエセチョウ,47
473758,多良間村,タラマソン,47
473812,竹富町,タケトミチョウ,47
473821,与那国町,ヨナグニチョウ,47
